{
  "-5": 9.15115747,
  "+0": 5.99366385,
  "+1": 6.07342425,
  "+5": 7.34934421
}