{
  "-5": 31.61006805,
  "+0": 19.95581602,
  "+1": 21.06302031,
  "+5": 30.58375117
}