{
  "-5": 15.55329566,
  "+0": 9.9686863,
  "+1": 10.13873541,
  "+5": 12.59042347
}